--
-- PostgreSQL database dump
--

\restrict etmffEvvGoyIuMexEKtSiAgEPfEQQYJSfhBHq27IEZdG17zj7FmzcqsLC4UwSYI

-- Dumped from database version 17.7 (Debian 17.7-3.pgdg13+1)
-- Dumped by pg_dump version 17.7 (Debian 17.7-3.pgdg13+1)

SET statement_timeout = 0;
SET lock_timeout = 0;
SET idle_in_transaction_session_timeout = 0;
SET transaction_timeout = 0;
SET client_encoding = 'UTF8';
SET standard_conforming_strings = on;
SELECT pg_catalog.set_config('search_path', '', false);
SET check_function_bodies = false;
SET xmloption = content;
SET client_min_messages = warning;
SET row_security = off;

SET default_tablespace = '';

SET default_table_access_method = heap;

--
-- Name: closures; Type: TABLE; Schema: public; Owner: -
--

CREATE TABLE public.closures (
    id bigint NOT NULL,
    end_time timestamp(6) without time zone,
    start_time timestamp(6) without time zone,
    version bigint,
    room_id bigint
);


--
-- Name: closure_id_seq; Type: SEQUENCE; Schema: public; Owner: -
--

ALTER TABLE public.closures ALTER COLUMN id ADD GENERATED BY DEFAULT AS IDENTITY (
    SEQUENCE NAME public.closure_id_seq
    START WITH 1
    INCREMENT BY 1
    NO MINVALUE
    NO MAXVALUE
    CACHE 1
);


--
-- Name: reservations; Type: TABLE; Schema: public; Owner: -
--

CREATE TABLE public.reservations (
    id bigint NOT NULL,
    end_time timestamp(6) without time zone,
    start_time timestamp(6) without time zone,
    status smallint,
    version bigint,
    room_id bigint,
    user_id bigint,
    CONSTRAINT reservation_status_check CHECK (((status >= 0) AND (status <= 2)))
);


--
-- Name: reservation_id_seq; Type: SEQUENCE; Schema: public; Owner: -
--

ALTER TABLE public.reservations ALTER COLUMN id ADD GENERATED BY DEFAULT AS IDENTITY (
    SEQUENCE NAME public.reservation_id_seq
    START WITH 1
    INCREMENT BY 1
    NO MINVALUE
    NO MAXVALUE
    CACHE 1
);


--
-- Name: rooms; Type: TABLE; Schema: public; Owner: -
--

CREATE TABLE public.rooms (
    id bigint NOT NULL,
    area character varying(255),
    capacity integer,
    close_time time(0) without time zone,
    name character varying(255),
    open_time time(0) without time zone,
    status smallint,
    version bigint,
    CONSTRAINT room_status_check CHECK (((status >= 0) AND (status <= 1)))
);


--
-- Name: room_id_seq; Type: SEQUENCE; Schema: public; Owner: -
--

ALTER TABLE public.rooms ALTER COLUMN id ADD GENERATED BY DEFAULT AS IDENTITY (
    SEQUENCE NAME public.room_id_seq
    START WITH 1
    INCREMENT BY 1
    NO MINVALUE
    NO MAXVALUE
    CACHE 1
);


--
-- Name: user_role; Type: TABLE; Schema: public; Owner: -
--

CREATE TABLE public.user_role (
    user_id bigint NOT NULL,
    role character varying(255),
    CONSTRAINT user_role_role_check CHECK (((role)::text = ANY (ARRAY[('ROLE_USER'::character varying)::text, ('ROLE_ADMIN'::character varying)::text])))
);


--
-- Name: users; Type: TABLE; Schema: public; Owner: -
--

CREATE TABLE public.users (
    id bigint NOT NULL,
    password character varying(255),
    status smallint,
    username character varying(255),
    version bigint,
    CONSTRAINT users_status_check CHECK (((status >= 0) AND (status <= 1)))
);


--
-- Name: users_id_seq; Type: SEQUENCE; Schema: public; Owner: -
--

ALTER TABLE public.users ALTER COLUMN id ADD GENERATED BY DEFAULT AS IDENTITY (
    SEQUENCE NAME public.users_id_seq
    START WITH 1
    INCREMENT BY 1
    NO MINVALUE
    NO MAXVALUE
    CACHE 1
);


--
-- Data for Name: closures; Type: TABLE DATA; Schema: public; Owner: -
--

COPY public.closures (id, end_time, start_time, version, room_id) FROM stdin;
1	2026-06-20 12:00:00	2026-06-20 10:00:00	0	1
3	2300-06-20 18:00:00	2300-06-20 08:00:00	0	2
\.


--
-- Data for Name: reservations; Type: TABLE DATA; Schema: public; Owner: -
--

COPY public.reservations (id, end_time, start_time, status, version, room_id, user_id) FROM stdin;
1	2026-06-20 09:00:00	2026-06-20 07:00:00	0	0	1	1
4	2300-06-20 12:00:00	2300-06-20 10:00:00	0	0	3	3
5	2300-06-20 14:00:00	2300-06-20 12:00:00	1	1	3	4
3	2300-06-20 16:00:00	2300-06-20 14:00:00	2	1	4	4
2	2300-06-20 10:00:00	2300-06-20 08:00:00	2	1	2	2
\.


--
-- Data for Name: rooms; Type: TABLE DATA; Schema: public; Owner: -
--

COPY public.rooms (id, area, capacity, close_time, name, open_time, status, version) FROM stdin;
1	building A	4	23:59:59	A101	00:00:00	0	0
2	building A	8	18:00:00	A102	08:00:00	0	0
3	building B	12	18:00:00	B101	08:00:00	0	0
4	building B	16	18:00:00	B102	08:00:00	1	1
\.


--
-- Data for Name: user_role; Type: TABLE DATA; Schema: public; Owner: -
--

COPY public.user_role (user_id, role) FROM stdin;
1	ROLE_ADMIN
1	ROLE_USER
2	ROLE_USER
3	ROLE_USER
4	ROLE_USER
5	ROLE_USER
2	ROLE_ADMIN
\.


--
-- Data for Name: users; Type: TABLE DATA; Schema: public; Owner: -
--

COPY public.users (id, password, status, username, version) FROM stdin;
1	$2a$10$XJg.kzMiSTseKAA203hojOaS5oE2xX0e7NG4GdiLXFKFj005YnAmq	0	user1	1
3	$2a$10$Xkxz3MP3aFiAQtu7Br38c.Lo/p0flzduyifHKp3uN4mIOpbvgov12	0	user3	0
4	$2a$10$P/KnSw2M13vZMrsG.jN63eS.quQ3lyYt5ggnhJe3sAmsSrHq7xb3q	0	user4	0
5	$2a$10$ONPBCs0BBlio3Bc.HU2UFuDAV3sA0C3WpRFEglzscNvT/2W5rSsie	0	user5	0
2	\N	1	\N	2
\.


--
-- Name: closure_id_seq; Type: SEQUENCE SET; Schema: public; Owner: -
--

SELECT pg_catalog.setval('public.closure_id_seq', 3, true);


--
-- Name: reservation_id_seq; Type: SEQUENCE SET; Schema: public; Owner: -
--

SELECT pg_catalog.setval('public.reservation_id_seq', 5, true);


--
-- Name: room_id_seq; Type: SEQUENCE SET; Schema: public; Owner: -
--

SELECT pg_catalog.setval('public.room_id_seq', 4, true);


--
-- Name: users_id_seq; Type: SEQUENCE SET; Schema: public; Owner: -
--

SELECT pg_catalog.setval('public.users_id_seq', 5, true);


--
-- Name: closures closure_pkey; Type: CONSTRAINT; Schema: public; Owner: -
--

ALTER TABLE ONLY public.closures
    ADD CONSTRAINT closure_pkey PRIMARY KEY (id);


--
-- Name: reservations reservation_pkey; Type: CONSTRAINT; Schema: public; Owner: -
--

ALTER TABLE ONLY public.reservations
    ADD CONSTRAINT reservation_pkey PRIMARY KEY (id);


--
-- Name: rooms room_pkey; Type: CONSTRAINT; Schema: public; Owner: -
--

ALTER TABLE ONLY public.rooms
    ADD CONSTRAINT room_pkey PRIMARY KEY (id);


--
-- Name: users ukr43af9ap4edm43mmtq01oddj6; Type: CONSTRAINT; Schema: public; Owner: -
--

ALTER TABLE ONLY public.users
    ADD CONSTRAINT ukr43af9ap4edm43mmtq01oddj6 UNIQUE (username);


--
-- Name: users users_pkey; Type: CONSTRAINT; Schema: public; Owner: -
--

ALTER TABLE ONLY public.users
    ADD CONSTRAINT users_pkey PRIMARY KEY (id);


--
-- Name: idx_closure_room_start_time; Type: INDEX; Schema: public; Owner: -
--

CREATE INDEX idx_closure_room_start_time ON public.closures USING btree (room_id, start_time);


--
-- Name: idx_reservation_room_status_start_time; Type: INDEX; Schema: public; Owner: -
--

CREATE INDEX idx_reservation_room_status_start_time ON public.reservations USING btree (room_id, status, start_time);


--
-- Name: idx_reservation_user_status_start_time; Type: INDEX; Schema: public; Owner: -
--

CREATE INDEX idx_reservation_user_status_start_time ON public.reservations USING btree (user_id, status, start_time);


--
-- Name: closures fkedoke2oumeylo4ntl1mn2ls16; Type: FK CONSTRAINT; Schema: public; Owner: -
--

ALTER TABLE ONLY public.closures
    ADD CONSTRAINT fkedoke2oumeylo4ntl1mn2ls16 FOREIGN KEY (room_id) REFERENCES public.rooms(id);


--
-- Name: user_role fkj345gk1bovqvfame88rcx7yyx; Type: FK CONSTRAINT; Schema: public; Owner: -
--

ALTER TABLE ONLY public.user_role
    ADD CONSTRAINT fkj345gk1bovqvfame88rcx7yyx FOREIGN KEY (user_id) REFERENCES public.users(id);


--
-- Name: reservations fkm8xumi0g23038cw32oiva2ymw; Type: FK CONSTRAINT; Schema: public; Owner: -
--

ALTER TABLE ONLY public.reservations
    ADD CONSTRAINT fkm8xumi0g23038cw32oiva2ymw FOREIGN KEY (room_id) REFERENCES public.rooms(id);


--
-- Name: reservations fkrea93581tgkq61mdl13hehami; Type: FK CONSTRAINT; Schema: public; Owner: -
--

ALTER TABLE ONLY public.reservations
    ADD CONSTRAINT fkrea93581tgkq61mdl13hehami FOREIGN KEY (user_id) REFERENCES public.users(id);


--
-- PostgreSQL database dump complete
--

\unrestrict etmffEvvGoyIuMexEKtSiAgEPfEQQYJSfhBHq27IEZdG17zj7FmzcqsLC4UwSYI

